Configuration,LCR_Mean,LCR_Std,F1_Mean,F1_Std
baseline,0.29,0.0,0.5524861878453038,0.0
clahe,0.28,0.0,0.5161290322580645,0.0
decomp,0.27,0.0,0.45569620253164556,0.0
contrast,0.3,0.0,0.5268817204301075,0.0
